scheduler,seed,n_ues,load_mult,shared_lcg,k2_slots,M07.met,M07.total,M08.fraction,wall_s
PF,1826701614,2,1.0,False,2,2,2,0.9811892,1.9
PF,1367864806,2,1.0,False,2,2,2,0.9628871999999999,1.9
PF,1097657231,2,1.0,False,2,2,2,0.9745048000000001,1.7
PF,579362555,2,1.0,False,2,2,2,0.9641224,1.9
PF,661058651,2,1.0,False,2,2,2,0.9543088000000001,1.9
PF,87989972,2,1.0,False,2,2,2,0.964992,1.9
PF,161576974,2,1.0,False,2,2,2,0.9580144,1.6
PF,35492826,2,1.0,False,2,2,2,0.9712076,1.4
PF,376383645,2,1.0,False,2,2,2,0.9739536,1.7
PF,1746484539,2,1.0,False,2,2,2,0.9665368000000001,1.4
PF,1826701614,4,1.0,False,2,4,4,0.959984,3.9
PF,1367864806,4,1.0,False,2,4,4,0.9645452,3.9
PF,1097657231,4,1.0,False,2,4,4,0.9662888000000001,3.8
PF,579362555,4,1.0,False,2,4,4,0.9595132,3.7
PF,661058651,4,1.0,False,2,4,4,0.9635072,3.6
PF,87989972,4,1.0,False,2,4,4,0.9685688,3.8
PF,161576974,4,1.0,False,2,4,4,0.9621716,3.4
PF,35492826,4,1.0,False,2,4,4,0.9766556,3.8
PF,376383645,4,1.0,False,2,4,4,0.9631616,3.7
PF,1746484539,4,1.0,False,2,4,4,0.9617696,3.3
PF,1826701614,8,1.0,False,2,8,8,0.9578576,7.9
PF,1367864806,8,1.0,False,2,8,8,0.959342,7.3
PF,1097657231,8,1.0,False,2,8,8,0.9680356,7.3
PF,579362555,8,1.0,False,2,8,8,0.9636376,7.3
PF,661058651,8,1.0,False,2,8,8,0.9537664,7.7
PF,87989972,8,1.0,False,2,8,8,0.9638684000000001,7.7
PF,161576974,8,1.0,False,2,8,8,0.950306,7.9
PF,35492826,8,1.0,False,2,8,8,0.9690408,7.8
PF,376383645,8,1.0,False,2,8,8,0.9666928,7.8
PF,1746484539,8,1.0,False,2,8,8,0.9658652,7.0
PF,1826701614,16,1.0,False,2,15,16,0.9369436,15.7
PF,1367864806,16,1.0,False,2,15,16,0.9326772,15.9
PF,1097657231,16,1.0,False,2,14,16,0.9424996,16.0
PF,579362555,16,1.0,False,2,14,16,0.9371408,15.6
PF,661058651,16,1.0,False,2,11,16,0.9267004,15.8
PF,87989972,16,1.0,False,2,14,16,0.9348704,16.0
PF,161576974,16,1.0,False,2,14,16,0.9023988000000001,15.7
PF,35492826,16,1.0,False,2,14,16,0.946388,14.9
PF,376383645,16,1.0,False,2,14,16,0.915994,14.7
PF,1746484539,16,1.0,False,2,14,16,0.9361651999999999,14.4
PF,1826701614,24,1.0,False,2,0,24,0.6326132,24.7
PF,1367864806,24,1.0,False,2,0,24,0.6527856,23.7
PF,1097657231,24,1.0,False,2,0,24,0.6412952,23.0
PF,579362555,24,1.0,False,2,0,24,0.6319851999999999,25.0
PF,661058651,24,1.0,False,2,0,24,0.6303652,23.0
PF,87989972,24,1.0,False,2,0,24,0.6346884,22.4
PF,161576974,24,1.0,False,2,0,24,0.6286224,22.7
PF,35492826,24,1.0,False,2,0,24,0.6428576,22.3
PF,376383645,24,1.0,False,2,0,24,0.6366371999999999,22.3
PF,1746484539,24,1.0,False,2,0,24,0.6256684,24.2
PF,1826701614,32,1.0,False,2,0,32,0.479774,24.6
PF,1367864806,32,1.0,False,2,0,32,0.46501240000000005,32.0
PF,1097657231,32,1.0,False,2,0,32,0.4768024,32.7
PF,579362555,32,1.0,False,2,0,32,0.4477804,31.4
PF,661058651,32,1.0,False,2,0,32,0.46558720000000003,31.0
PF,87989972,32,1.0,False,2,0,32,0.4680324,29.2
PF,161576974,32,1.0,False,2,0,32,0.47263879999999997,30.6
PF,35492826,32,1.0,False,2,0,32,0.48938240000000005,31.3
PF,376383645,32,1.0,False,2,0,32,0.4637556,30.4
PF,1746484539,32,1.0,False,2,0,32,0.4676396,32.3
Reservation,1826701614,2,1.0,False,2,2,2,0.9811892,2.4
Reservation,1367864806,2,1.0,False,2,2,2,0.9628871999999999,2.4
Reservation,1097657231,2,1.0,False,2,2,2,0.9745048000000001,2.5
Reservation,579362555,2,1.0,False,2,2,2,0.9641224,2.5
Reservation,661058651,2,1.0,False,2,2,2,0.9543088000000001,2.4
Reservation,87989972,2,1.0,False,2,2,2,0.964992,2.3
Reservation,161576974,2,1.0,False,2,2,2,0.9580144,2.3
Reservation,35492826,2,1.0,False,2,2,2,0.9712076,2.3
Reservation,376383645,2,1.0,False,2,2,2,0.9739536,2.3
Reservation,1746484539,2,1.0,False,2,2,2,0.9664168000000001,2.4
Reservation,1826701614,4,1.0,False,2,4,4,0.959984,4.6
Reservation,1367864806,4,1.0,False,2,4,4,0.9645452,4.4
Reservation,1097657231,4,1.0,False,2,4,4,0.9662888000000001,4.9
Reservation,579362555,4,1.0,False,2,4,4,0.9595132,4.7
Reservation,661058651,4,1.0,False,2,4,4,0.9635072,4.9
Reservation,87989972,4,1.0,False,2,4,4,0.9685688,4.6
Reservation,161576974,4,1.0,False,2,4,4,0.9606128,4.9
Reservation,35492826,4,1.0,False,2,4,4,0.9766556,4.6
Reservation,376383645,4,1.0,False,2,4,4,0.9631616,4.5
Reservation,1746484539,4,1.0,False,2,4,4,0.9625315999999999,5.0
Reservation,1826701614,8,1.0,False,2,8,8,0.9569772,10.3
Reservation,1367864806,8,1.0,False,2,8,8,0.9558675999999999,11.1
Reservation,1097657231,8,1.0,False,2,7,8,0.0,10.6
Reservation,579362555,8,1.0,False,2,7,8,0.0,10.5
Reservation,661058651,8,1.0,False,2,6,8,0.0,10.6
Reservation,87989972,8,1.0,False,2,7,8,0.0,11.0
Reservation,161576974,8,1.0,False,2,7,8,0.0,10.7
Reservation,35492826,8,1.0,False,2,8,8,0.9624115999999999,11.5
Reservation,376383645,8,1.0,False,2,7,8,0.0,10.9
Reservation,1746484539,8,1.0,False,2,7,8,0.0,10.6
Reservation,1826701614,16,1.0,False,2,10,16,0.0,22.9
Reservation,1367864806,16,1.0,False,2,12,16,0.0,23.5
Reservation,1097657231,16,1.0,False,2,11,16,0.0,23.1
Reservation,579362555,16,1.0,False,2,14,16,0.0,21.9
Reservation,661058651,16,1.0,False,2,11,16,0.0,20.8
Reservation,87989972,16,1.0,False,2,10,16,0.0,22.7
Reservation,161576974,16,1.0,False,2,10,16,0.0,21.9
Reservation,35492826,16,1.0,False,2,11,16,0.0,23.6
Reservation,376383645,16,1.0,False,2,10,16,0.0,22.6
Reservation,1746484539,16,1.0,False,2,10,16,0.0,23.4
Reservation,1826701614,24,1.0,False,2,16,24,0.0,36.2
Reservation,1367864806,24,1.0,False,2,8,24,0.0,34.1
Reservation,1097657231,24,1.0,False,2,0,24,0.0,37.2
Reservation,579362555,24,1.0,False,2,10,24,0.0,34.7
Reservation,661058651,24,1.0,False,2,15,24,0.0,33.8
Reservation,87989972,24,1.0,False,2,7,24,0.0,35.8
Reservation,161576974,24,1.0,False,2,14,24,0.0,35.2
Reservation,35492826,24,1.0,False,2,8,24,0.0,35.8
Reservation,376383645,24,1.0,False,2,12,24,0.0,35.5
Reservation,1746484539,24,1.0,False,2,14,24,0.0,33.6
Reservation,1826701614,32,1.0,False,2,14,32,0.0,46.7
Reservation,1367864806,32,1.0,False,2,4,32,0.0,41.6
Reservation,1097657231,32,1.0,False,2,1,32,0.0,43.7
Reservation,579362555,32,1.0,False,2,2,32,0.0,48.0
Reservation,661058651,32,1.0,False,2,9,32,0.0,42.9
Reservation,87989972,32,1.0,False,2,11,32,0.0,42.4
Reservation,161576974,32,1.0,False,2,7,32,0.0,45.4
Reservation,35492826,32,1.0,False,2,0,32,0.0,43.7
Reservation,376383645,32,1.0,False,2,11,32,0.0,44.3
Reservation,1746484539,32,1.0,False,2,3,32,0.0,45.1
TwoTier,1826701614,2,1.0,False,2,2,2,0.9811892,6.0
TwoTier,1367864806,2,1.0,False,2,2,2,0.9627671999999999,5.3
TwoTier,1097657231,2,1.0,False,2,2,2,0.9745048000000001,5.9
TwoTier,579362555,2,1.0,False,2,2,2,0.9641224,5.9
TwoTier,661058651,2,1.0,False,2,2,2,0.9535004,5.9
TwoTier,87989972,2,1.0,False,2,2,2,0.964992,5.9
TwoTier,161576974,2,1.0,False,2,2,2,0.9580144,5.5
TwoTier,35492826,2,1.0,False,2,2,2,0.9712076,5.4
TwoTier,376383645,2,1.0,False,2,2,2,0.9739536,5.4
TwoTier,1746484539,2,1.0,False,2,2,2,0.9665368000000001,5.7
TwoTier,1826701614,4,1.0,False,2,4,4,0.9587091999999999,8.5
TwoTier,1367864806,4,1.0,False,2,4,4,0.9645452,8.4
TwoTier,1097657231,4,1.0,False,2,4,4,0.9662888000000001,9.2
TwoTier,579362555,4,1.0,False,2,4,4,0.9595132,8.6
TwoTier,661058651,4,1.0,False,2,4,4,0.9635072,8.6
TwoTier,87989972,4,1.0,False,2,4,4,0.9685688,9.5
TwoTier,161576974,4,1.0,False,2,4,4,0.9613632,8.7
TwoTier,35492826,4,1.0,False,2,4,4,0.9766556,9.3
TwoTier,376383645,4,1.0,False,2,4,4,0.9630884000000001,8.8
TwoTier,1746484539,4,1.0,False,2,4,4,0.9625315999999999,9.1
TwoTier,1826701614,8,1.0,False,2,8,8,0.9558788,24.9
TwoTier,1367864806,8,1.0,False,2,8,8,0.9596428,23.1
TwoTier,1097657231,8,1.0,False,2,5,8,0.8601432,22.3
TwoTier,579362555,8,1.0,False,2,5,8,0.5259764,20.1
TwoTier,661058651,8,1.0,False,2,8,8,0.9537664,23.3
TwoTier,87989972,8,1.0,False,2,8,8,0.9620924000000001,24.8
TwoTier,161576974,8,1.0,False,2,4,8,0.4388772,22.2
TwoTier,35492826,8,1.0,False,2,5,8,0.0,19.4
TwoTier,376383645,8,1.0,False,2,8,8,0.9605948000000001,23.5
TwoTier,1746484539,8,1.0,False,2,8,8,0.9596216,23.1
TwoTier,1826701614,16,1.0,False,2,12,16,0.0,41.0
TwoTier,1367864806,16,1.0,False,2,14,16,0.0,41.3
TwoTier,1097657231,16,1.0,False,2,5,16,0.0,28.2
TwoTier,579362555,16,1.0,False,2,5,16,0.0,30.2
TwoTier,661058651,16,1.0,False,2,12,16,0.0,39.8
TwoTier,87989972,16,1.0,False,2,5,16,0.0,34.2
TwoTier,161576974,16,1.0,False,2,5,16,0.0,28.9
TwoTier,35492826,16,1.0,False,2,13,16,0.0,38.7
TwoTier,376383645,16,1.0,False,2,13,16,0.0,38.8
TwoTier,1746484539,16,1.0,False,2,12,16,0.0,37.0
TwoTier,1826701614,24,1.0,False,2,13,24,0.0,45.3
TwoTier,1367864806,24,1.0,False,2,12,24,0.0,41.0
TwoTier,1097657231,24,1.0,False,2,13,24,0.0,44.4
TwoTier,579362555,24,1.0,False,2,13,24,0.0,44.2
TwoTier,661058651,24,1.0,False,2,12,24,0.0,44.0
TwoTier,87989972,24,1.0,False,2,11,24,0.0,45.0
TwoTier,161576974,24,1.0,False,2,5,24,0.0,40.1
TwoTier,35492826,24,1.0,False,2,5,24,0.0,44.2
TwoTier,376383645,24,1.0,False,2,5,24,0.0,50.1
TwoTier,1746484539,24,1.0,False,2,12,24,0.0,56.0
TwoTier,1826701614,32,1.0,False,2,5,32,0.0,39.4
TwoTier,1367864806,32,1.0,False,2,11,32,0.0,54.4
TwoTier,1097657231,32,1.0,False,2,6,32,0.0,48.5
TwoTier,579362555,32,1.0,False,2,13,32,0.0,54.1
TwoTier,661058651,32,1.0,False,2,12,32,0.0,57.2
TwoTier,87989972,32,1.0,False,2,10,32,0.0,56.3
TwoTier,161576974,32,1.0,False,2,8,32,0.0,53.2
TwoTier,35492826,32,1.0,False,2,5,32,0.0,45.0
TwoTier,376383645,32,1.0,False,2,12,32,0.0,53.2
TwoTier,1746484539,32,1.0,False,2,11,32,0.0,57.1
